metric,non_null,coverage_pct,negatives_clamped,min,median,max
pm25,1086,100.0,0,2.03085,9.405000000000001,58.877500000001625
pm10,1086,100.0,0,3.9147999999999996,16.15,74.26700000000187
no2,1086,100.0,0,4.1061499999999995,21.8,74.74500000000057
o3,1086,100.0,277,0.0,32.95,107.0
