metric,non_null,coverage_pct,negatives_clamped,min,median,max
pm25,3,100.0,0,4.392939999999999,5.86,5.98974
pm10,3,100.0,0,10.6016,11.4,12.0986
no2,3,100.0,0,10.811200000000001,16.4,25.481800000000003
o3,3,100.0,0,37.4034,39.1,44.9882
