metric,non_null,coverage_pct,negatives_clamped,min,median,max
pm25,5421,100.0,2,0.0,12.1,70.80200000000158
pm10,5421,100.0,2,0.0,15.1,88.05000000000209
no2,5421,100.0,3,0.0,20.0,94.91200000000117
o3,5421,100.0,188,0.0,45.4,107.0
