metric,non_null,coverage_pct,negatives_clamped,min,median,max
pm25,3,100.0,0,4.13674,7.5,8.17864
pm10,3,100.0,0,8.524759999999999,10.9,11.798200000000001
no2,3,100.0,0,14.111799999999999,20.0,31.1776
o3,3,100.0,0,28.813000000000002,35.3,41.787
