metric,non_null,coverage_pct,negatives_clamped,min,median,max
pm25,8235,100.0,2,0.0,10.9,71.15540000000273
pm10,8235,100.0,2,0.0,15.5,104.0
no2,8235,100.0,3,0.0,22.1,95.17240000000201
o3,8235,100.0,279,0.0,45.4,107.0
