Continent,Cities,Ridge_MAE_Avg,CAMS_MAE_Avg,NOAA_MAE_Avg,Ridge_vs_CAMS_Improvement,Ridge_vs_NOAA_Improvement,Ridge_vs_Best_Improvement,Ridge_R2_Avg,CAMS_R2_Avg,NOAA_R2_Avg
Asia,20,3.6971053368439724,5.635870965579645,5.900908441196043,33.90480145393921,37.56596439530645,38.413041695254165,0.36315096218523174,-0.5188892530206698,-0.6870343298657402
Africa,20,3.6808281549533977,6.1247258289885975,5.682611501219189,37.78513311020646,37.8433452994684,41.395247939769796,0.4400028954770591,-0.713864312570808,-0.7343957141489229
Europe,20,1.2785046009924173,1.6889724335869112,1.897405083368247,25.839811209683923,34.410733021620054,34.49756830134728,0.3306792887690791,-0.3085246827812261,-0.725073834284213
North_America,20,3.3196899250559855,4.9455377571700705,4.715137674305116,27.841713177373503,28.91443727281466,31.0772775447172,0.39158698886947313,-0.2303101208873394,-0.2721662560853792
South_America,20,3.5036672075221276,5.437637238068459,4.989268085137087,32.07874247748708,33.46700592006052,36.21485412474309,0.3947658384981252,-0.3784792285352396,-0.473945367987784
